first_name;last_name;email;password
Johnny;Edmans;jedmans0@scientificamerican.com;OVGpvTl
Ambur;Tabb;atabb1@indiatimes.com;OT42Jh
Vlad;Le Page;vlepage2@usatoday.com;mddZNp48r6H
Casey;Gerardot;cgerardot3@hatena.ne.jp;yTNzAhMv
Kathie;Couvet;kcouvet4@ezinearticles.com;j2nRbbCzNspH
Una;Kilgrove;ukilgrove5@theguardian.com;FSGG08
Zechariah;Holtom;zholtom6@nhs.uk;1X5Jot4G
Herbie;Gove;hgove7@friendfeed.com;HbjIRNdEP
Dominga;Seignior;dseignior8@ebay.com;J9812l
Ailyn;Littlechild;alittlechild9@odnoklassniki.ru;XqkzOvZD95
Jordanna;Smith;jsmitha@rediff.com;xEC00Rq6njQ
Ermentrude;Colton;ecoltonb@macromedia.com;LRZ1XKriti
Clarance;Stuchburie;cstuchburiec@miitbeian.gov.cn;KKQJKEnpPvN
Neill;Stivens;nstivensd@altervista.org;KO3suJ
Brittney;Broome;bbroomee@opera.com;LPwhewJoo
Michal;Garner;mgarnerf@boston.com;6r4sKLjEtuS
Hayley;Kubat;hkubatg@google.ca;YskiwzuO
Warren;Oboy;woboyh@mozilla.org;nOGLBgs4Yr
Elise;Alexsandrovich;ealexsandrovichi@google.cn;49R8WA4IHx
Tarrance;Drawmer;tdrawmerj@mayoclinic.com;RbenKKaDKB
Julee;Farland;jfarlandk@bbb.org;mUq0YLnR
Tracey;Murford;tmurfordl@google.ru;i0LNOaupg
Charlot;Airds;cairdsm@wsj.com;qVrp6hV
Daryle;McBean;dmcbeann@java.com;cAwySqY
Kennith;Merton;kmertono@ycombinator.com;TPZmrOyVg8
Sheri;Sand;ssandp@amazon.de;ERlWCkoXCeT
Joachim;Markie;jmarkieq@shop-pro.jp;6BUEyKGT
Pascale;Saunton;psauntonr@comsenz.com;reXFz6u
Cordie;Estable;cestables@t.co;bf68Tb
Audre;Keasley;akeasleyt@discuz.net;6dPOjWrEv
Ulises;Grosvener;ugrosveneru@prlog.org;72cSTPvPdL
Cynthie;Trevain;ctrevainv@arizona.edu;YSLXuQh
Vi;De Blase;vdeblasew@photobucket.com;gmcnMwDdOl
Dena;Kalisch;dkalischx@washington.edu;iOB75ixinM03
Redford;Clibbery;rclibberyy@mayoclinic.com;0273XAOCUF06
Rikki;Mugg;rmuggz@blogtalkradio.com;R888xIsdSHSa
Caitrin;Lorait;clorait10@jiathis.com;2YOtuHkcSpU
Barbra;Fitter;bfitter11@mac.com;mlGDALunB5q
Eddi;Hampton;ehampton12@google.fr;zOsOae9nW
Sterling;Geroldini;sgeroldini13@qq.com;R1MH8oOM
Sutherlan;Hardaker;shardaker14@ted.com;1UEXOrV
Happy;Llewelly;hllewelly15@google.co.jp;rJE0XGbEDk5a
Danny;Langley;dlangley16@nydailynews.com;HdranBcUAHQ
Sebastien;Hooban;shooban17@t.co;m8AEiRS3aQ
Sascha;Collumbell;scollumbell18@vinaora.com;df2Rq5M
Emelina;Denisyev;edenisyev19@cmu.edu;wyaesJQ7LXG
Elvyn;Hellwing;ehellwing1a@hatena.ne.jp;bX58Le
Phylys;Chestnut;pchestnut1b@instagram.com;qAwMRFQ
Anitra;Couch;acouch1c@tripod.com;OOj1jl12pfa
Elroy;Elsmor;eelsmor1d@globo.com;gvlXZD
Horacio;Kordas;hkordas1e@bbc.co.uk;t0onSSyb
Pernell;MacDowall;pmacdowall1f@cmu.edu;uNg1AxlHtsM4
Bab;Cicci;bcicci1g@archive.org;rdztN1yE2yj
Aila;Iacobetto;aiacobetto1h@mayoclinic.com;tQSVYo93nRk
Flory;Bernardino;fbernardino1i@census.gov;xc23sYmDAP
Sada;Orrah;sorrah1j@wikimedia.org;GgVmqB
Dene;Holme;dholme1k@tripadvisor.com;Z0Uytz6zpPVg
Emmeline;Weekland;eweekland1l@discovery.com;ZEDcivPR
Vera;Topham;vtopham1m@utexas.edu;43eqd4KZkPz
Karlan;Guerrazzi;kguerrazzi1n@slideshare.net;CQjhIjLLE4n
Berrie;Dronsfield;bdronsfield1o@latimes.com;puSFmgL
Brandyn;Edmett;bedmett1p@adobe.com;Ev7rd9RB1xq
Jelene;Phidgin;jphidgin1q@devhub.com;BvNahn5mr
Claybourne;Cradock;ccradock1r@biglobe.ne.jp;I2SrpgYpU
Marris;Plevin;mplevin1s@posterous.com;FNgnTBaB6ibB
Pierce;Sutherby;psutherby1t@indiegogo.com;mgzPly
Jessey;Iacoviello;jiacoviello1u@pcworld.com;jfhDLWegTXe
Easter;Burtwhistle;eburtwhistle1v@timesonline.co.uk;RXdJf1ztCoY
Ely;Littler;elittler1w@mayoclinic.com;uvbOPUOsQnWX
Cornelia;Domingues;cdomingues1x@yellowbook.com;V19M02MhF
Marve;Nanninini;mnanninini1y@myspace.com;JFU48zD9pnx
Sonya;Connett;sconnett1z@123-reg.co.uk;V2Z6LirX4
Kathie;Amps;kamps20@aboutads.info;sHMzO6Q6Jq3F
Conway;Minchi;cminchi21@cloudflare.com;4rwDR8dkKp
Kizzee;Midlane;kmidlane22@google.com.br;o5GM425U
Ileana;Lelievre;ilelievre23@t-online.de;ExexLi
Kain;Struther;kstruther24@dailymail.co.uk;Q2StrHgyXdxk
Sophi;Hughes;shughes25@sakura.ne.jp;CDFGS78
Ramon;Matula;rmatula26@i2i.jp;wzoY1ka
Elvina;Rudwell;erudwell27@archive.org;B5Deke6q8xs
Marlie;MacCartair;mmaccartair28@facebook.com;ETo0yHG
Toddy;Earles;tearles29@abc.net.au;AUuMURB
Cedric;Munt;cmunt2a@hibu.com;2NIx1rZibM
Cassaundra;McKague;cmckague2b@domainmarket.com;0Cj8YJ
Shea;Lorent;slorent2c@cdbaby.com;FMqWod2Qz
Liana;Isacoff;lisacoff2d@telegraph.co.uk;3mKR6QH8Jfw
Lisle;Gilchrest;lgilchrest2e@msu.edu;lDynWtReBsS
Dannie;Felmingham;dfelmingham2f@bloomberg.com;b7pZbgY
Mead;Elan;melan2g@soup.io;xc7sOPY
Murielle;Draco;mdraco2h@networksolutions.com;BdV3jG
Dorri;Viles;dviles2i@umn.edu;Ab0DqL21St6v
Betta;Melton;bmelton2j@zdnet.com;IEePEW5g
Fee;Kissell;fkissell2k@t.co;zlUK2O8srITs
Kennie;McIndoe;kmcindoe2l@cbslocal.com;YNEVyDudt9
Des;Dragon;ddragon2m@usda.gov;roARTAp19HI
Leshia;Pomeroy;lpomeroy2n@alibaba.com;00BgMCp
Frederica;Caghan;fcaghan2o@wufoo.com;S8dAsB
Aloisia;Scholl;ascholl2p@scientificamerican.com;71kEIAA
Vince;Hyde;vhyde2q@stumbleupon.com;QHfaxsFfiyiP
Katerina;Vivash;kvivash2r@miibeian.gov.cn;DThgMAfF9
Aurilia;Bycraft;abycraft2s@sogou.com;QkHhdmCg
Aimee;Luciano;aluciano2t@example.com;q67GlaiPk
Ardelle;Tredinnick;atredinnick2u@va.gov;AXyIEhuO1
Cassandra;Northwood;cnorthwood2v@ihg.com;A9AHS7
Agna;Blennerhassett;ablennerhassett2w@smh.com.au;1N176suTDy9
Lockwood;Volonte;lvolonte2x@yellowpages.com;os6qBuzHdu2L
Eldin;Alphege;ealphege2y@opensource.org;xvH63gDvg
Chrotoem;Jeffry;cjeffry2z@instagram.com;NlJZILlpRhLL
Gordon;Esseby;gesseby30@redcross.org;3uGtRW94ePC
Gunther;Walkling;gwalkling31@craigslist.org;3yPHmECn8OU
Lynn;Allcorn;lallcorn32@ibm.com;vMtHTE6xvx3
Kerri;Adam;kadam33@wunderground.com;P8kasKDDjK
Kathie;Goodread;kgoodread34@amazon.co.jp;sxI2e9LG3
Mame;Goulden;mgoulden35@dyndns.org;BZd3RF
Gussy;Ambrogioli;gambrogioli36@walmart.com;DqhFL00
Teodoro;Despenser;tdespenser37@state.tx.us;xMLdz7Q6r
Maribelle;Glendinning;mglendinning38@ebay.co.uk;19hOo68
Kenton;Mingardo;kmingardo39@hc360.com;CI89Xrkn
Drucill;Seakings;dseakings3a@purevolume.com;jjaX5eFu
Stavros;Villiers;svilliers3b@cdc.gov;XsfRZ8CRiDU
Verile;Kliche;vkliche3c@eventbrite.com;whehkevf
Radcliffe;Nottingam;rnottingam3d@latimes.com;eo3TsBYAu
Dolf;Hearon;dhearon3e@infoseek.co.jp;fE9w14sw6l88
Reiko;MacMeanma;rmacmeanma3f@tripadvisor.com;333HkJvYgWM
Norrie;Tomasini;ntomasini3g@psu.edu;fb6QWa
Bevan;Attow;battow3h@wisc.edu;TrROC5J
Cyrillus;Gurnee;cgurnee3i@cam.ac.uk;cEN9MJeI3aO
Winona;Abson;wabson3j@issuu.com;8MjS57IkeMXw
Nettle;Vanyushkin;nvanyushkin3k@github.com;FghAd5m3xeM
Tomlin;Meeke;tmeeke3l@spotify.com;TJuBShHz171Z
Paulie;Elloy;pelloy3m@wikimedia.org;6sHEcPrvEZRK
Joby;Maleney;jmaleney3n@yolasite.com;zAdDWSKQ
Rozamond;Griffitt;rgriffitt3o@comcast.net;pR6AQd
Roderigo;Coop;rcoop3p@yahoo.com;yKUAcp
Tallou;Durrell;tdurrell3q@purevolume.com;AvxU6sR
Friedrick;Pidgin;fpidgin3r@xrea.com;RmK8Za
Brinn;Duns;bduns3s@unicef.org;PqLUBAc7F
Mignonne;Delgardo;mdelgardo3t@gmpg.org;AxUJt8Z7dtGm
Donny;Umpleby;dumpleby3u@diigo.com;9El19wblU
Akim;Wloch;awloch3v@alexa.com;XjWxclN
Noemi;Heinzler;nheinzler3w@i2i.jp;MNevOqX
Hedy;Dakhno;hdakhno3x@cam.ac.uk;Sizyna
Mella;Whyteman;mwhyteman3y@auda.org.au;SmdTMN30xbdG
Florrie;Whitmarsh;fwhitmarsh3z@plala.or.jp;eQs8pKf
Eddi;Demangel;edemangel40@reuters.com;ZK02Rr1p3C
Chancey;Acedo;cacedo41@free.fr;ljU7Fl
Harv;Fochs;hfochs42@jimdo.com;DrEJMX4dKCCO
Elsie;Beney;ebeney43@acquirethisname.com;bypq4Od6b
Witty;Stitch;wstitch44@elpais.com;IPhnaHTQ0ga
Willamina;Bewfield;wbewfield45@examiner.com;jU6Otg0
Eve;Peckham;epeckham46@webnode.com;BKh5nIuw
Lutero;Holehouse;lholehouse47@pagesperso-orange.fr;pHy5xFdb4
Trina;Toller;ttoller48@taobao.com;gLGyDqWtB
Bobbi;Rendle;brendle49@hibu.com;2iblJG6WG9
Dunstan;Allgood;dallgood4a@joomla.org;tNs3DsHT
Osborn;Mylchreest;omylchreest4b@uol.com.br;LPWOwo9bCkng
Mike;O'Sirin;mosirin4c@xrea.com;ArL1FmC
Carmine;Haggeth;chaggeth4d@altervista.org;XAMAMf
Sybyl;Jemmett;sjemmett4e@usgs.gov;955hnxd52Gw
Bertram;Arnefield;barnefield4f@aol.com;KbdnxexJhF
Leta;Gerrish;lgerrish4g@purevolume.com;ns10weN
Latisha;Walworche;lwalworche4h@comcast.net;KTcVkb2
Cheslie;Dreelan;cdreelan4i@networkadvertising.org;B7UR0pdCV
Mora;Vakhonin;mvakhonin4j@time.com;4MKfwCu3j0Y
Willem;Joddens;wjoddens4k@oracle.com;FMMofEZe
Marcus;Adolfsen;madolfsen4l@wikipedia.org;XDy5nU6aqmOD
Adan;Simka;asimka4m@icio.us;Y0ItpFYvIJS
Wang;Slateford;wslateford4n@symantec.com;hEm5TlSQ
Chantal;Pigdon;cpigdon4o@xing.com;C1fVk0
Adolph;Witsey;awitsey4p@tripadvisor.com;VngguXGrz
Merrick;Blois;mblois4q@t.co;j6x457B8WQXh
Aluino;Delmonti;adelmonti4r@ca.gov;Lg5c1ucNNdPj
Hal;O'Regan;horegan4s@apache.org;YI1G6lQGywoz
Kalil;Grayston;kgrayston4t@imageshack.us;bdUW9oEm1
Benton;Grigoliis;bgrigoliis4u@wp.com;qsougIbVcBr
Obed;Symcoxe;osymcoxe4v@weather.com;FThI6YDl2oCi
Valentin;Dallman;vdallman4w@blogger.com;Z2HhwpZ9x
Melissa;Wimpey;mwimpey4x@is.gd;a61QEnw
Westbrook;Lashmar;wlashmar4y@fema.gov;t0N5KUK
Iorgo;Dyster;idyster4z@gnu.org;cEUBvjOn
Mirabella;Tetley;mtetley50@examiner.com;s8N6ici
Risa;Roast;rroast51@state.gov;5Nwxk6UB0rtb
Chan;Please;cplease52@google.es;NI8j23b
Clemens;Cosby;ccosby53@statcounter.com;7O934lWmF
Eadie;Cartmail;ecartmail54@webnode.com;DvS89ugreK
Libbey;Cornilleau;lcornilleau55@vk.com;P39rjeR3
Augusto;MacElane;amacelane56@squarespace.com;f4AkG6ewt
Leonore;Foulgham;lfoulgham57@storify.com;yARWAIyWAAvT
Drugi;Raffon;draffon58@harvard.edu;zacV0Ez
Patrice;Cowtherd;pcowtherd59@wordpress.org;W3NC2L
Karney;Erskin;kerskin5a@taobao.com;2YGfyOseX8H
Dredi;Woodford;dwoodford5b@macromedia.com;Q4AnRrnE
Darla;Swindley;dswindley5c@domainmarket.com;BZT1xpRN0
Carla;Botton;cbotton5d@zimbio.com;ctbj9nAd
Raymund;Trenholme;rtrenholme5e@so-net.ne.jp;UZbSj0w3FjTF
Jacinta;Dissman;jdissman5f@ft.com;Zv6u9BuEAbr
Brett;Sells;bsells5g@vkontakte.ru;me2Axx
Brant;Van Arsdale;bvanarsdale5h@technorati.com;ahvNA1qJQP
Billie;Hestrop;bhestrop5i@discovery.com;cW4QEi4AHI
Bobina;Wickie;bwickie5j@plala.or.jp;G5q9JNEoxv
Mariam;Nowlan;mnowlan5k@github.com;mL7CQ6aJiuE
Salome;Le Huquet;slehuquet5l@vistaprint.com;2JeREmfTlP5
Bent;Haining;bhaining5m@oaic.gov.au;XoYcZZzrk
Steward;Pawson;spawson5n@cnbc.com;0ZTf0I
Mallory;Percifer;mpercifer5o@umich.edu;PJ65QEHnR5l
Lorianna;Joselson;ljoselson5p@nih.gov;FcrGZ7hzjbe
Lea;Marcu;lmarcu5q@sbwire.com;C8pttT79
Lionello;Blaske;lblaske5r@jugem.jp;Hq9SN5p
Lorne;Knightly;lknightly5s@slideshare.net;8j3CKP4OFc
Mirilla;Scully;mscully5t@mayoclinic.com;MzRTDvklQ
Candace;Caukill;ccaukill5u@hhs.gov;Y6dWnRPTn
Connie;Spraberry;cspraberry5v@imdb.com;rNde9Ru6wf
Wolfy;Maytom;wmaytom5w@yale.edu;1OqEcMry
Gavan;Brace;gbrace5x@geocities.com;xM0IgVvA4up
Mordy;Brothwell;mbrothwell5y@w3.org;EgyRLU7NXO
Berte;McCrainor;bmccrainor5z@odnoklassniki.ru;FyJgEuyXJ2
Merridie;MacManus;mmacmanus60@wp.com;ZI18j8ciGa8
Francine;Manuel;fmanuel61@arstechnica.com;O6vqxTY
Dilly;Mayward;dmayward62@who.int;Hm5DD5
Merrel;Deeley;mdeeley63@example.com;XHr8a41
Fabian;Kendle;fkendle64@shareasale.com;V4VWIx8BdAB
Gallard;Melross;gmelross65@amazon.com;hKIbASqNQHKR
Fawn;Cisar;fcisar66@un.org;azfjh7IP
Annnora;Keppel;akeppel67@livejournal.com;l9IT1utRt
Galven;Northedge;gnorthedge68@gravatar.com;hDmyR41O1DoE
Lexie;Gilyott;lgilyott69@pcworld.com;VXJaUnJNI4
Adelheid;Boundley;aboundley6a@digg.com;Ql7VnzC
Allie;Buffin;abuffin6b@sogou.com;ISoduLV
Bernardine;Haskell;bhaskell6c@i2i.jp;1nksvs3B5
Nona;Elgie;nelgie6d@ifeng.com;exoO0h3
Porter;Applegate;papplegate6e@alibaba.com;eBIfODuoULK
Chicky;Gouthier;cgouthier6f@umn.edu;d53GIipQh
Julissa;Kendle;jkendle6g@businesswire.com;VGWEtqkihav
Darb;Milstead;dmilstead6h@jigsy.com;8SsjlgbOK
Stanislas;Mioni;smioni6i@surveymonkey.com;XvsMk6jDuFtE
Nicolais;Crennell;ncrennell6j@omniture.com;iCjaKjp7vN3b
Tracie;Sherrin;tsherrin6k@linkedin.com;FNYPakhn
Orran;Jones;ojones6l@oakley.com;VezlvQ
Smitty;Barthel;sbarthel6m@1und1.de;eP3O4J6vqmV
Gisela;Piletic;gpiletic6n@dion.ne.jp;qnFPiGm
Jules;Howie;jhowie6o@businesswire.com;cKvQULd7RPV
Milli;Sorrell;msorrell6p@spiegel.de;kZFln8Jr
Milli;Abercrombie;mabercrombie6q@tuttocitta.it;mec8QSa0Tluw
Teri;Klazenga;tklazenga6r@oaic.gov.au;WnyrHltxsaab
Vivianne;Cloney;vcloney6s@elpais.com;X0bkbs1wh
Frederigo;Penchen;fpenchen6t@lycos.com;BRl0mi2wLA
Cecilla;Press;cpress6u@wisc.edu;qyxKUKC
Gypsy;Covely;gcovely6v@chicagotribune.com;KccCowms4Mnx
Kris;Grzegorczyk;kgrzegorczyk6w@ebay.com;U6QTrONA
Cahra;Rose;crose6x@redcross.org;kOrwkbUtXFg
Kaiser;Minchenton;kminchenton6y@cnet.com;vDw5yfA
Gavra;Bart;gbart6z@msn.com;6uympw
Killie;Manuel;kmanuel70@imdb.com;Kt3jAyd9k
Emlen;Weller;eweller71@dedecms.com;DoNEtUZtsy
Ortensia;Hullett;ohullett72@ftc.gov;kKB3iGIGZ
Ethelind;Bagnold;ebagnold73@google.pl;FVvbxdj2lqI3
Hinze;Culbert;hculbert74@google.es;5nN0Cfxlci
Alphard;Witherow;awitherow75@miitbeian.gov.cn;Gzuo4Mtgz5JN
Layla;Nevinson;lnevinson76@nhs.uk;uFtSAn3H
Nickey;Leal;nleal77@businessinsider.com;MIsNPtm
Leroi;Rawcliffe;lrawcliffe78@biglobe.ne.jp;Pny7oY6he
Crystie;Dikle;cdikle79@umn.edu;fb7VkCokbHqB
Pierre;Glowinski;pglowinski7a@berkeley.edu;LMW8paf
Alyse;Kyneton;akyneton7b@ning.com;UzleLGNqB
Verne;Leamon;vleamon7c@gov.uk;VZOJx3ZAO
Austine;Sowle;asowle7d@state.tx.us;fs7qy4
Tory;Galle;tgalle7e@xrea.com;ytxHpfp
Maurits;Barkworth;mbarkworth7f@blogspot.com;GdxYNpbh
Wanids;De Atta;wdeatta7g@homestead.com;1qQjkP
Malachi;Cluley;mcluley7h@msu.edu;apKnc0wUgM
Mel;Haslewood;mhaslewood7i@mtv.com;9GRtHkn5
Arri;Fiddy;afiddy7j@ftc.gov;9CJ5Bily3mx
Den;Meggison;dmeggison7k@lycos.com;afI77kfETg4
Noah;Ellerey;nellerey7l@spotify.com;84HwCJ8SSf
Danie;Gravie;dgravie7m@yale.edu;6wtSjx97lvF
Zollie;Vuittet;zvuittet7n@behance.net;gNqLLmrogbt
Janaya;Robichon;jrobichon7o@upenn.edu;3CMyJX
Goran;Laux;glaux7p@list-manage.com;x4R3RF41gF
Karlotte;O'Teague;koteague7q@prweb.com;GIQIj6a3
Jerad;Mengue;jmengue7r@sohu.com;hZHAy2r
Cully;Deporte;cdeporte7s@usnews.com;CMKnksb0
Ravid;Deny;rdeny7t@google.ru;dycGzj6MeQGg
Isabeau;Maxwale;imaxwale7u@bloomberg.com;ZlPZNmGdT
Alfy;Tricker;atricker7v@cloudflare.com;SuBZ6B
Emmye;Linggood;elinggood7w@privacy.gov.au;6ztHPhUP5joe
Rowney;Elkins;relkins7x@bbb.org;RDAVvynHNL
Cassy;Canto;ccanto7y@shop-pro.jp;Mz2Fs8WARBX
Ric;Calveley;rcalveley7z@comcast.net;M6yrYjhkWsc
Lil;Pinkerton;lpinkerton80@netvibes.com;OPoSOm
Maxie;Sesser;msesser81@weebly.com;dpQIgWuC4nU7
Tedd;Mallaby;tmallaby82@washingtonpost.com;oPiwm0Ih
Robinson;Elkin;relkin83@moonfruit.com;WHlOyFDQtOc
Donnie;Stuther;dstuther84@disqus.com;Nkrf6liN
Thatcher;Rainsden;trainsden85@360.cn;CcaJFDfVM
Sidnee;Haslen;shaslen86@diigo.com;nM6Ckq8TM
Goldi;Santori;gsantori87@etsy.com;vRuXwb
Tristan;Benny;tbenny88@va.gov;T3CLHa
Fidelio;Grafom;fgrafom89@friendfeed.com;J2ldiFb
Trever;Jobb;tjobb8a@msu.edu;7565fPxUoWt
Nicolea;Papa;npapa8b@howstuffworks.com;muVCHdv
Laverna;Greber;lgreber8c@pinterest.com;lU39bIqcp
Viva;Lummis;vlummis8d@furl.net;HdbmZq13Nsd
Byron;Hughes;bhughes8e@spotify.com;oFUMqR
Fallon;Heintsch;fheintsch8f@howstuffworks.com;JxbH9hnPT
Van;Errichelli;verrichelli8g@hugedomains.com;0Nm0mC
Malchy;Upsale;mupsale8h@telegraph.co.uk;gLr2mb
Joycelin;Over;jover8i@over-blog.com;UzFPfho1
Melessa;Connerry;mconnerry8j@woothemes.com;NFOjcK4
Vaughn;Beynke;vbeynke8k@java.com;VYA348y
Roscoe;Steabler;rsteabler8l@alexa.com;YZzKNk5C
Gabby;MacChaell;gmacchaell8m@google.ca;NWbCKjtSrxn
Quinlan;Itzak;qitzak8n@rediff.com;IdzqTVGDbT
Eunice;Dallyn;edallyn8o@google.pl;d7d8Aqqij
Vassili;Greenhough;vgreenhough8p@issuu.com;GOxa2oyFUU
Rodrick;Brierley;rbrierley8q@amazon.de;3JsqXwMS
Aurore;Bakey;abakey8r@latimes.com;r1382zt
Othilia;Obern;oobern8s@bbb.org;XbvxolE0Aj
Salomi;Overstone;soverstone8t@timesonline.co.uk;f5bOIiz0dR
Rosalyn;Beinke;rbeinke8u@soup.io;vFpt7vaD
Carla;Kolak;ckolak8v@hp.com;XmqhGV
Cheslie;Gibben;cgibben8w@squarespace.com;U5lOhlsmrw
Tessie;Battlestone;tbattlestone8x@parallels.com;H3TpEwfw
Melania;Fleckney;mfleckney8y@stumbleupon.com;StfKeL
Ethyl;Stennine;estennine8z@google.de;3Ut6gjolcHj
Ariadne;Hindenberger;ahindenberger90@joomla.org;AZR68EyMd8
Hilde;Bearham;hbearham91@cafepress.com;36Dty379DVl
Judas;Cholwell;jcholwell92@reference.com;KK6DKBHg
Julian;Gillion;jgillion93@berkeley.edu;f7YKHk
Ken;Stevani;kstevani94@meetup.com;Z3FyiqpClyqs
Herta;Darrigrand;hdarrigrand95@wordpress.com;9uE0iVKEzzA
Brice;Sulley;bsulley96@independent.co.uk;0gVAYom
Lorilee;Mynott;lmynott97@ezinearticles.com;Euypq9
Olivier;Tampin;otampin98@hibu.com;YXimV9cHYhua
Christean;Anshell;canshell99@princeton.edu;AOvJsQ
Eadmund;Molen;emolen9a@mozilla.org;RVJ9atIHC
Gabbie;Lemm;glemm9b@seesaa.net;9yGvWDSlDZBB
Mufi;Prazor;mprazor9c@plala.or.jp;Hpa6idRWg
Stewart;Corbert;scorbert9d@ifeng.com;VwAEp2SpDWi3
Tamar;Aldiss;taldiss9e@trellian.com;WilRE94DLK
Bradan;Crace;bcrace9f@eventbrite.com;5hQYriKcxgKN
Margaret;Northrop;mnorthrop9g@illinois.edu;qpruDdp
Karrie;Starford;kstarford9h@google.com.au;O2dfWLZMsQSu
Wynn;Boxall;wboxall9i@discuz.net;fiD9W1anNmV
Maryrose;Rubinsky;mrubinsky9j@newyorker.com;qWcYNwloYA
Artemas;Mitchinson;amitchinson9k@google.cn;eQ6agL
Ric;Bengall;rbengall9l@github.com;CY8zEA7X1Z7
Ciel;Reuther;creuther9m@joomla.org;7y2jteIi3P94
Dougie;Elmer;delmer9n@nifty.com;szxaWh0IDy
Sandye;Gurery;sgurery9o@360.cn;Qb9Mm1w
Arielle;Fuentez;afuentez9p@infoseek.co.jp;tpypE7ZI0
August;Jeanenet;ajeanenet9q@whitehouse.gov;xk5ZWMU
Hadria;Davison;hdavison9r@dion.ne.jp;8HgXHdpGrF9
Livvy;Zanicchelli;lzanicchelli9s@mac.com;fpAErc
Harwell;Joinsey;hjoinsey9t@issuu.com;3fGv19D5gub
Robbi;Jepp;rjepp9u@jimdo.com;LiXHS0W
Cacilia;Mephan;cmephan9v@netlog.com;KX43OwnELtHl
Milo;Vallery;mvallery9w@dagondesign.com;M6udHQ7
Brandyn;Moyles;bmoyles9x@ebay.com;zEVG7VWCT6xm
Anabel;Seson;aseson9y@instagram.com;QtrA0wPt
Evania;Lincey;elincey9z@ustream.tv;jVrdFEO5q1F2
Matelda;Romanetti;mromanettia0@si.edu;t5UNrjAr1YoO
Lindsay;Stonard;lstonarda1@ning.com;d5aUpcYZ
Georgia;Reynard;greynarda2@engadget.com;xJRMWW
Jena;Goodliffe;jgoodliffea3@elpais.com;pP3p3JBSbNHx
Garland;Bilbie;gbilbiea4@live.com;kYE1qcBt
Sheffie;Petrashkov;spetrashkova5@w3.org;HXa00X
Fee;Deas;fdeasa6@mlb.com;uL5GTxG7PJ
Kipp;Fewkes;kfewkesa7@rediff.com;FU9Kq0
Marget;Checo;mchecoa8@w3.org;f3C4td4Bc8
Karie;Duhig;kduhiga9@state.tx.us;5kNiR4
Perry;Hearn;phearnaa@ameblo.jp;eV0312JrN
Libbey;Elvin;lelvinab@hubpages.com;uW3arqXpTQF
Emilia;Pagel;epagelac@uiuc.edu;YnAogfN4V
Howey;Wonfor;hwonforad@homestead.com;8QWGUEWmtVx
Rubi;Gristwood;rgristwoodae@mail.ru;YuBop69CW66
Josephina;Durrance;jdurranceaf@army.mil;5pBbsou8Tl6
Massimo;Bavin;mbavinag@dailymotion.com;1koOanD4
Josiah;Handman;jhandmanah@liveinternet.ru;T6cH8zu
Gerta;Hasson;ghassonai@networksolutions.com;V4A3VYu
Roana;McGreil;rmcgreilaj@scribd.com;d5BQ37lVbH
Cecilius;McGraffin;cmcgraffinak@sun.com;X7PkV1mqQ
Ailsun;Myrtle;amyrtleal@imageshack.us;UOOSnqKE
Constantine;Mingauld;cmingauldam@ed.gov;IE8LfA
Cordy;Backshaw;cbackshawan@mac.com;QM9rJLzAytm
Kettie;Yong;kyongao@sbwire.com;HDDUyw
Clari;Melsom;cmelsomap@youtube.com;X7uiwx61L
Ellynn;Piet;epietaq@dedecms.com;37OKZLHg
Baryram;Merryweather;bmerryweatherar@google.fr;I3pVXqsae
Wilie;Flott;wflottas@archive.org;IMjDOpJ6
Barde;Garraway;bgarrawayat@ucoz.com;mzFMhrTgP
Dotty;Pottell;dpottellau@surveymonkey.com;CdompraPJk
Constantina;Fisby;cfisbyav@woothemes.com;wq80lbV4I7
Hesther;Brook;hbrookaw@home.pl;DGJKva2
Joan;Paradine;jparadineax@washingtonpost.com;wGfCwRt
Adelice;Landell;alandellay@oakley.com;U2fS9KydtTsF
Renard;Elstub;relstubaz@mlb.com;9hvyNO
Kirbee;Yakobovicz;kyakoboviczb0@diigo.com;SAIuIh2VH
Innis;Leivesley;ileivesleyb1@hatena.ne.jp;tK70l1
Eadith;Trout;etroutb2@biblegateway.com;DLZ3Wnxqs
Audie;Bruckstein;abrucksteinb3@furl.net;Sv2zTE13JFy
Moshe;Edwardes;medwardesb4@newsvine.com;m1pV9mSb
Gerhardt;Mitcheson;gmitchesonb5@live.com;38BQU1HL60jh
Stephanie;Pole;spoleb6@squidoo.com;PbaGb3y
Cathy;Dyson;cdysonb7@census.gov;6MAFhbr
Kassey;Bubbear;kbubbearb8@weebly.com;ZlcUIknYbUo
Rayna;Doucette;rdoucetteb9@opensource.org;2uj9Wd
Esma;Trainor;etrainorba@fastcompany.com;fzKMZFpa
Artair;Zaniolini;azaniolinibb@ft.com;ukAVDVz3d
Claudetta;Kringe;ckringebc@photobucket.com;Z6wrCO1L
Jerrilyn;Witard;jwitardbd@usgs.gov;9VGpPMnZAu
Winfield;Brute;wbrutebe@t-online.de;lr8Xsq7yL
Fleurette;Bahl;fbahlbf@census.gov;gVCvIorq0Ls2
Stanislaw;Chimienti;schimientibg@addtoany.com;8SvQ0rVh0S
Geoffry;Hedge;ghedgebh@constantcontact.com;BBHSzXe9
Rafferty;Drache;rdrachebi@nba.com;ejZujHs6L
Carola;Tern;cternbj@woothemes.com;U0RSGN0nqbS
Hayyim;Duckerin;hduckerinbk@mozilla.org;yaSES24Dxi5
Winni;Foden;wfodenbl@about.me;69TrXKC49e3n
Rachael;Harrap;rharrapbm@jugem.jp;uzDsCjqDFF
Lothario;Slimm;lslimmbn@webs.com;QV52YJPz
Tremaine;Pau;tpaubo@cdbaby.com;IP2PA9m4
Olivero;Cavee;ocaveebp@arstechnica.com;oxwkREI5Rxsw
West;Trappe;wtrappebq@sphinn.com;F3lvlHE7d7
Quent;Tough;qtoughbr@angelfire.com;ys4W0iA8LR
Dill;Haddington;dhaddingtonbs@google.de;aTzGOwHz7X
Ase;Wayon;awayonbt@wikipedia.org;ennMro
Byrann;McGrorty;bmcgrortybu@aol.com;drrxYl
Mehetabel;Le Breton De La Vieuville;mlebretondelavieuvillebv@bing.com;qeViOgse
Gerard;Base;gbasebw@sfgate.com;RG4AZn2i7
Neil;de Tocqueville;ndetocquevillebx@smugmug.com;MqHQ5Lhzfi
Bennie;Blackaby;bblackabyby@wp.com;eyPTHQSTy
Shanta;Hassell;shassellbz@clickbank.net;T2Er7PnFh4mT
Arielle;Farney;afarneyc0@addthis.com;H2VfuD
Allyce;Gawkes;agawkesc1@un.org;0ThtH56
Dyanna;Abbiss;dabbissc2@opensource.org;XFoEW9f
Wash;Dorwood;wdorwoodc3@census.gov;yfIFe1ZnTKJ
Minnnie;Cheavin;mcheavinc4@zdnet.com;2hK8VUBj
Hebert;Skillman;hskillmanc5@hc360.com;FIalbmr
Robers;Flott;rflottc6@wikimedia.org;c1l05BiWlN
Debora;McAusland;dmcauslandc7@desdev.cn;6yPefra
Kathe;Ghiron;kghironc8@cloudflare.com;bgkkKyM2vl
Rodney;Hedditeh;rhedditehc9@gravatar.com;X0Zs9mX
Domeniga;Caudelier;dcaudelierca@goo.ne.jp;6CKa1ve0
Regina;Miner;rminercb@economist.com;xuKsp1
Nerte;Derisly;nderislycc@altervista.org;RpkHuqD9pqo3
Lanie;Iacomettii;liacomettiicd@state.gov;N23wEOUea
Kynthia;Cordrey;kcordreyce@cdc.gov;pctFVdUPYFyD
Lauryn;Waterhowse;lwaterhowsecf@un.org;LW69E0Uq
Zachariah;Yokley;zyokleycg@gmpg.org;nUuhgwo71gY
Nananne;Olijve;nolijvech@jugem.jp;OLCG18zu
Pandora;Piche;ppicheci@patch.com;BNJm3J
Irving;Hulson;ihulsoncj@bigcartel.com;H2Eu95zznTaj
Nariko;Howcroft;nhowcroftck@meetup.com;2qCvNt8LrRe1
Beret;Peacham;bpeachamcl@pagesperso-orange.fr;HBls9mIIPHIO
Zondra;Gianolini;zgianolinicm@si.edu;qlrOCGnRElob
Laina;Docker;ldockercn@cbslocal.com;IRykOE
Garwood;Adshede;gadshedeco@dmoz.org;vi3zc4eOw
Garrot;D'Ambrogio;gdambrogiocp@privacy.gov.au;IRW2qtbMwQP
Gregory;Rist;gristcq@flickr.com;MO2CRiQ
Elsey;Blincowe;eblincowecr@soup.io;GEg2TB
Ilse;Brittin;ibrittincs@hugedomains.com;hnWFhRID95nv
Reynard;MacGill;rmacgillct@virginia.edu;rkMJK2pI3ePH
Rheta;Schohier;rschohiercu@indiatimes.com;TxQigP1fRsU1
Rory;Mc Gaughey;rmcgaugheycv@desdev.cn;MIyOE0Klq
Aretha;Ewbach;aewbachcw@shareasale.com;KcpZzVmK6Q
Lesley;Hinz;lhinzcx@digg.com;0rxZ5I
Godart;Christy;gchristycy@privacy.gov.au;ayNyr1VOV
Darryl;Hardwin;dhardwincz@desdev.cn;IrLBjq
Rana;Bachmann;rbachmannd0@redcross.org;nrJcvIY
Ashla;Kennaway;akennawayd1@nyu.edu;zvBD3uScoYa
Marthe;Copp;mcoppd2@hc360.com;zGXxnuJ
Pippy;Morley;pmorleyd3@deviantart.com;KtXxdRI
Gwendolen;Edgeon;gedgeond4@sfgate.com;YvCNIzMdUv
Darda;Ossipenko;dossipenkod5@fotki.com;ZgzGTja
Gaynor;Dorsett;gdorsettd6@youku.com;4fInpjPatQ
Sunshine;Cullnean;scullneand7@jalbum.net;0YwdWA2C
Lanita;Durram;ldurramd8@deviantart.com;pIH0XVgk
Keefe;Shemilt;kshemiltd9@webs.com;8yZA5t
Stesha;MacAllen;smacallenda@mail.ru;ySToENyU
Margery;Rivers;mriversdb@walmart.com;ekQS06DnAV
Gerry;Checkley;gcheckleydc@bbc.co.uk;OSeKtBnxe
Archambault;Jackett;ajackettdd@icio.us;IInYVk3hVn
Tybalt;Harmeston;tharmestonde@nbcnews.com;9TMbAPDdc
Simone;De Andisie;sdeandisiedf@artisteer.com;bGizRfnknPHI
Luci;Kemball;lkemballdg@sogou.com;f4ADml4uGeK1
Teena;Raddish;traddishdh@woothemes.com;RFCWixnK3I
Kristi;Tinniswood;ktinniswooddi@cdbaby.com;B8niHZIJ
Sib;Robion;srobiondj@foxnews.com;JFx4WketYt
Ewart;Rennocks;erennocksdk@fotki.com;fBVwjgG
Neil;Rusk;nruskdl@addthis.com;EuiH6r
Constantino;Bispo;cbispodm@over-blog.com;G59GpgJNZ
Jone;Corkan;jcorkandn@posterous.com;CXymfB4AnEU
Cassi;Hardiker;chardikerdo@skype.com;U1w5HpC1eZX
Holmes;Zelake;hzelakedp@desdev.cn;Y12NeXsE
Sibyl;McColgan;smccolgandq@opera.com;K7z60wgYSJFl
Maryanne;Sentance;msentancedr@ning.com;Cs2b9KXjihFC
Othilie;Colkett;ocolkettds@redcross.org;L1Or8NXcR
Saxe;Berre;sberredt@blog.com;r3hJUF8mzZI
Prince;Bravey;pbraveydu@nymag.com;fTuUCklQmxW
Kizzie;Pourveer;kpourveerdv@yelp.com;Ayee4fs
Maye;O'Currine;mocurrinedw@drupal.org;86zbFWlrNC
Virgina;Toope;vtoopedx@csmonitor.com;bqcwoSZ
Helena;Naul;hnauldy@tripod.com;fcDDuo5eNC
Ericka;Hinsch;ehinschdz@theatlantic.com;HldJw0p
Araldo;Dawbury;adawburye0@vkontakte.ru;rBlCIOOQi
Egor;Sybe;esybee1@cmu.edu;cx3f1v
Judah;Rechert;jrecherte2@yolasite.com;gUHIwAC6
Lindsy;Raspin;lraspine3@google.nl;PeHCLWkqzuN
Larine;Varga;lvargae4@mit.edu;0vVRj7r5RJ
Fielding;Cranke;fcrankee5@buzzfeed.com;2aXi13dr
Bradley;Ivashchenko;bivashchenkoe6@ed.gov;MdIlrj
Yorker;Roswarne;yroswarnee7@sogou.com;PbndWrbqq5fO
Fielding;Conyer;fconyere8@csmonitor.com;TmBhkPwfHIP
Terrance;Tammadge;ttammadgee9@typepad.com;EOvaE0YV
Onofredo;Daybell;odaybellea@github.io;UjQELrjli
Cesya;Dumblton;cdumbltoneb@booking.com;jrdUMhPx3nq
Aylmar;Medling;amedlingec@zimbio.com;TOHHjMsjV
Catlee;Brunotti;cbrunottied@facebook.com;4OdmewJi
Valencia;Varnals;vvarnalsee@ihg.com;x4x4Nv
Nataniel;Bellham;nbellhamef@businessinsider.com;3PnawR
Suzanne;Splevins;ssplevinseg@shop-pro.jp;UYkpprwYq
Asia;Fransson;afranssoneh@bloomberg.com;CsT7hi6Z
Kylen;Cockling;kcocklingei@arizona.edu;liTQRg1ugUP
Gwenneth;Dulieu;gdulieuej@scientificamerican.com;cssaLQ0
Winfield;Biaggi;wbiaggiek@nasa.gov;IYiEFy
Carree;Meah;cmeahel@infoseek.co.jp;2adYqikZCCQ
Vernen;Matzl;vmatzlem@ezinearticles.com;hVR11M1ieopv
Myrtice;Delort;mdelorten@macromedia.com;2Rh1v3Tj
Kitti;Sorbie;ksorbieeo@last.fm;Sykg93F
Sheela;Vynoll;svynollep@wired.com;VeOjQY
Emmye;Elcoat;eelcoateq@xinhuanet.com;w9yKwnag0
Mariel;Corwood;mcorwooder@comcast.net;VTbwtyO4zqL
Frazier;Cryer;fcryeres@cdbaby.com;dIOEuG
Theo;Bosward;tboswardet@ted.com;bh39DyK5Mp
Hunfredo;Poley;hpoleyeu@nih.gov;Vkr8MEyCl
Dolph;Rablin;drablinev@pinterest.com;HSnKh95B
Elly;Georghiou;egeorghiouew@miibeian.gov.cn;FMRwUU
Dev;Arnaldy;darnaldyex@loc.gov;I39diBEtQ0UA
Gottfried;Frobisher;gfrobisherey@chronoengine.com;2Kqoa8St
Anet;Danelutti;adaneluttiez@google.nl;0MQmC8hgwp
Chrisy;Prigmore;cprigmoref0@gmpg.org;cRVuvvT2vwde
Pepita;Goldthorp;pgoldthorpf1@wordpress.com;s3H917rycNWF
Lacy;Darnbrook;ldarnbrookf2@blogspot.com;rEyOuPxVAIP
Yvette;Heaviside;yheavisidef3@hud.gov;sqvshj
Marion;Bottlestone;mbottlestonef4@sciencedaily.com;jdf4Ji
Inesita;Pepperrall;ipepperrallf5@imdb.com;cNhZ196
Wynn;Swepson;wswepsonf6@baidu.com;eWBOSqZK4fx9
Corrine;Massy;cmassyf7@netscape.com;p3rN9VTqMR
Sindee;Giff;sgifff8@google.es;ouvbdrp
Neddie;Hames;nhamesf9@squidoo.com;hvpAsSDL
Jere;Kirkbride;jkirkbridefa@goodreads.com;MxCa2U
Bernardine;Baumber;bbaumberfb@si.edu;UNIsdfNE
Margery;Tierny;mtiernyfc@salon.com;zEvfXNEPxX
Birk;Rolfs;brolfsfd@si.edu;kPZWLVjAER
Ruby;Tames;rtamesfe@army.mil;c45UBcN
Bernardo;Klejna;bklejnaff@hexun.com;ubQ2WVXJl1I
Caril;Elfleet;celfleetfg@edublogs.org;CGvaAPuMb
Teriann;Treneer;ttreneerfh@nymag.com;c4Oair
Janet;Hamnett;jhamnettfi@youtube.com;1p316he
Benedetto;Braund;bbraundfj@squidoo.com;edcYXA
Max;Cumberland;mcumberlandfk@freewebs.com;G31RiSBsE29F
Donia;Alberti;dalbertifl@npr.org;aMv5Qa5
Mildrid;Count;mcountfm@digg.com;rdKaeo
Shirline;Vagg;svaggfn@xing.com;OweaLSH7
Andras;Cornhill;acornhillfo@eventbrite.com;UMuSbI
Marylee;Edelman;medelmanfp@vkontakte.ru;zQE5fmxv
Ronnie;Conti;rcontifq@gizmodo.com;dwswGd
Geno;Duckett;gduckettfr@i2i.jp;z5lpfkvbPF
Gerik;Hawkyens;ghawkyensfs@aboutads.info;plkptW
Zsa zsa;Beavington;zbeavingtonft@un.org;vrjdm61ECp
Nikola;Halshaw;nhalshawfu@rakuten.co.jp;X4AAqt8a24
Seth;McKeaney;smckeaneyfv@creativecommons.org;1PU5uqga
Hastie;Dabbs;hdabbsfw@digg.com;quQXjmGD
Caron;Merioth;cmeriothfx@digg.com;d3L1Y8LjmB
Meg;Nicholls;mnichollsfy@dell.com;T682BV
Catharina;Crickmore;ccrickmorefz@topsy.com;IbSrdDKHi6T
Maiga;Gamlin;mgamling0@liveinternet.ru;DkoZsJ0PTX
Keith;Currell;kcurrellg1@is.gd;TQ6KbnT
Mack;Gilvear;mgilvearg2@tinypic.com;cIlfdDhj
Mariejeanne;Elcy;melcyg3@istockphoto.com;OXeygh
Tonya;O'Carrol;tocarrolg4@va.gov;HyGb9sj0mjW
Edna;Burdell;eburdellg5@unc.edu;wH5iJWiUbg
Drona;Bell;dbellg6@nih.gov;Vx7VeaBbc7iH
Kelcie;Cottie;kcottieg7@sciencedirect.com;YfKpMu
Janenna;Ottosen;jottoseng8@indiegogo.com;SWyOko
Jacenta;Marskell;jmarskellg9@ox.ac.uk;LNp3pTO
Starlin;Ide;sidega@cpanel.net;Gird4ygAJF1m
Maurita;Noads;mnoadsgb@nytimes.com;4ZJ3HxwdNyn
Kendall;Crowder;kcrowdergc@wsj.com;lLEmokF
Carola;Boylan;cboylangd@state.tx.us;imnAx56M
Brit;Spikings;bspikingsge@weebly.com;TEzaEig
Taber;Lathleiffure;tlathleiffuregf@icq.com;zLSkYiW
Beilul;Brailsford;bbrailsfordgg@smugmug.com;Tc5HmT2i
Orelie;Reeveley;oreeveleygh@unesco.org;aXQogK
Marcela;Joselin;mjoselingi@cyberchimps.com;s7KTdX7UNU
Alexina;Humby;ahumbygj@youtu.be;YHdMPqyAcD
Feliks;Parsisson;fparsissongk@microsoft.com;NBmxQGiDt5ps
Aristotle;Birtchnell;abirtchnellgl@wp.com;7tGg1rxNHH
Braden;Lambrook;blambrookgm@xrea.com;uHijcwTyWR
Indira;Taree;itareegn@fda.gov;95YW5rtMsJw
Randie;Barttrum;rbarttrumgo@cnn.com;KzJUOs401IuO
Erwin;Wardrop;ewardropgp@google.ca;IMJ69BzmkTf
Kelila;Purtell;kpurtellgq@ucoz.com;SQXnhyEd
Clara;Boram;cboramgr@discuz.net;UZeYmZ8C7gv
Jackie;Claypole;jclaypolegs@answers.com;6gR2ItrT
Wrennie;Ickowics;wickowicsgt@biglobe.ne.jp;2XwICTWtAQH
Benyamin;Di Boldi;bdiboldigu@spiegel.de;FEKgH1M
Valentino;Coard;vcoardgv@economist.com;eRRaqhpcLRF
Kennith;Keri;kkerigw@ustream.tv;tnV640Mg
Huntley;MacAdam;hmacadamgx@nymag.com;BVunpyfigBQ
Fianna;Cuolahan;fcuolahangy@ft.com;O1OYL0Sk0j
Torrence;Litherland;tlitherlandgz@mozilla.org;9Ea5VdRhhe
Mendie;Dallimore;mdallimoreh0@indiegogo.com;VJYxzE4cU
Morie;Westcott;mwestcotth1@washington.edu;so3hsujPiA2O
Chrisse;Andriss;candrissh2@usda.gov;bDnu78jNzHe
Mavra;Huncote;mhuncoteh3@godaddy.com;LrQVEEUBnNt1
Natale;Salvadore;nsalvadoreh4@cargocollective.com;btH7YowNt
Agosto;Ellerton;aellertonh5@reference.com;MxExEqCE6o
Haskel;Kinlock;hkinlockh6@mlb.com;jqc3NxbN
Ettore;Tomczykiewicz;etomczykiewiczh7@examiner.com;zkvGeOPg
Dori;Feldmark;dfeldmarkh8@naver.com;qeVDYRM7Ma
Alfonso;Reyburn;areyburnh9@sina.com.cn;XQA2wdlYI23q
Kipp;Pesticcio;kpesticcioha@youtube.com;jyMJyk3
Felicia;McGourty;fmcgourtyhb@army.mil;9b8PoRy
Romeo;Disbrow;rdisbrowhc@opera.com;sViFFHR
Grissel;Scutching;gscutchinghd@kickstarter.com;JzhOFryC
Colly;Guiett;cguietthe@usnews.com;ngGOq8
Eric;Gulleford;egullefordhf@mozilla.com;lsk5vLJrjvOd
Connor;Chetwin;cchetwinhg@accuweather.com;dY24Oce9Qhp
Cheston;Wimpeney;cwimpeneyhh@jiathis.com;iuLBQl8
Edwin;Jzhakov;ejzhakovhi@nature.com;S2u8qlr
Benjie;Barosch;bbaroschhj@taobao.com;EcGXAdVP
Kathleen;Drance;kdrancehk@ow.ly;YgMEGT4I
Baryram;Neubigging;bneubigginghl@xing.com;u9sxoJq1zG
Idelle;Hadeke;ihadekehm@acquirethisname.com;OchOycmD3Ydg
Karel;Donoghue;kdonoghuehn@edublogs.org;mqQXgl1Djjd
Zuzana;Stallwood;zstallwoodho@huffingtonpost.com;86fr26N6
Aldis;Kemish;akemishhp@soundcloud.com;Oit4kGzK9
Laurel;Tregonna;ltregonnahq@surveymonkey.com;GmwH4njE1sT
Flory;Pirnie;fpirniehr@harvard.edu;6CDUZ8UjLSgU
Page;Belden;pbeldenhs@unesco.org;NiF7lGKupN
Anne-marie;Manhood;amanhoodht@apple.com;bBDGFxKyWlc
Babara;Marven;bmarvenhu@utexas.edu;02USQLxGXXL
Roselia;Kolodziej;rkolodziejhv@mysql.com;8Qdby6Hgu
Perl;Cay;pcayhw@barnesandnoble.com;aE3YhxlVsXVH
Odie;Bockings;obockingshx@businessweek.com;T5NVHuB
Clemmy;Fishenden;cfishendenhy@loc.gov;F6q8dD4NyM
Sterne;Lindwall;slindwallhz@wsj.com;Qn1xq8BEQ
Trudi;Spellacey;tspellaceyi0@ftc.gov;07vCuUj
Rhys;Dukelow;rdukelowi1@acquirethisname.com;lmIdES
Dieter;Andreolli;dandreollii2@wsj.com;hfTwDSVPseR
Karrah;Duerdin;kduerdini3@cafepress.com;tYC1lx
Yorgo;Janicki;yjanickii4@flickr.com;68iVmD1xKgO
Lianne;Klima;lklimai5@wufoo.com;JzDcMtIlfUi
Marianna;Cholmondeley;mcholmondeleyi6@prlog.org;HAgayTDl
Edgar;Abramamovh;eabramamovhi7@google.com;tzkzlrUyY
Augustine;Gillfillan;agillfillani8@xrea.com;dgRfCgIx
Corrine;Shevels;cshevelsi9@indiatimes.com;yzGrGruP
Radcliffe;Denyukin;rdenyukinia@house.gov;FeTZTkpBqPzm
Elyse;Strowthers;estrowthersib@eepurl.com;tivXoKeWoct
Rudd;Domino;rdominoic@bigcartel.com;qdBUQb
Vaughan;Hatter;vhatterid@nationalgeographic.com;zn8LG6SRFQ
Butch;Gonnet;bgonnetie@goo.gl;3tgtPZ
Madella;Hurler;mhurlerif@arstechnica.com;lYGgSG7
Jacobo;Maffezzoli;jmaffezzoliig@mac.com;KSZm3ke
Belicia;Cheavin;bcheavinih@exblog.jp;KGUJWNnq9
Imogene;Janak;ijanakii@instagram.com;fzIXo6ow
Melva;Fountian;mfountianij@fda.gov;iAnaMwoIQ6
Arvin;Stirrup;astirrupik@tuttocitta.it;aOM9M2I8Z
Jackie;Melendez;jmelendezil@addthis.com;elnMZgD927
Bianka;Rottery;brotteryim@clickbank.net;nbD6aFj51kRk
Noell;Boarder;nboarderin@microsoft.com;XaXCiVVy0
Mill;Cosby;mcosbyio@columbia.edu;SfmE2i
Christoffer;Overbury;coverburyip@tripadvisor.com;QnFyI2HMv6nx
Gaylor;Wyllcock;gwyllcockiq@answers.com;TPx3cqw91YQ2
Nissie;Ropert;nropertir@fda.gov;Jqmg4TbFJC
Josefa;Fallows;jfallowsis@simplemachines.org;IT6HI9
Andonis;Andrassy;aandrassyit@w3.org;d02vkfypTCP
Scarface;Caskie;scaskieiu@yahoo.com;WsDwo7
Candice;Yegorev;cyegoreviv@ucsd.edu;WhxLEf4p
Liv;Ramirez;lramireziw@techcrunch.com;mqa0WlJZ7dq
Adrianna;Tesimon;atesimonix@indiatimes.com;I9bwtoG
Tracy;Tees;tteesiy@t-online.de;fcr0a6emwLa
Silvan;Whysall;swhysalliz@uol.com.br;TSG6OXXv4D
Ardisj;Snozzwell;asnozzwellj0@bloglovin.com;IO1agPxDGoE
Clemens;Byrd;cbyrdj1@hao123.com;Xok3lh9RIgMr
Tilly;Pullar;tpullarj2@statcounter.com;kxM7959ITR5
Fidela;Meade;fmeadej3@smugmug.com;8ku5hFCueq
Chilton;Buckam;cbuckamj4@wordpress.org;db0hnrh4
Tine;Harradine;tharradinej5@joomla.org;ucnOK5P0
Yank;Bragge;ybraggej6@blinklist.com;aFbdZwMVVhtc
Ennis;Leaney;eleaneyj7@amazon.co.uk;ACQtUA
Nollie;Gilliver;ngilliverj8@uol.com.br;0nbuCQPxrBY
Maegan;Dorr;mdorrj9@deviantart.com;kYrDXccGh15
Ted;Privost;tprivostja@angelfire.com;wMJab9iC4
Kay;Lysaght;klysaghtjb@cbslocal.com;3PLbB2U36
Tressa;Conew;tconewjc@aboutads.info;abpbURb
Elden;Elvish;eelvishjd@networkadvertising.org;4LUQnlF11H
Nicol;Sperring;nsperringje@cnet.com;71kArGkeZ65d
Risa;Keepin;rkeepinjf@feedburner.com;4MQK0qW6
Lonni;Seago;lseagojg@netvibes.com;tlCbzKaF6
Mandi;Cohan;mcohanjh@youtu.be;PpPGFY
Jedediah;Battaille;jbattailleji@typepad.com;fQ1D7OIHr1
Vincents;Gaule;vgaulejj@oracle.com;czMq4W1KWsEL
Gris;Snell;gsnelljk@squidoo.com;KfEZhc0if
Powell;Gilliatt;pgilliattjl@issuu.com;TeZDMYKRoYUO
Cthrine;Dicty;cdictyjm@scribd.com;Sti7BjA
Hammad;McCory;hmccoryjn@bing.com;qA4BtN4dx2rT
Gar;Scrowson;gscrowsonjo@feedburner.com;lrENSPbKCp9
Mischa;Philipot;mphilipotjp@mapquest.com;gcaYhjvAH
Rasla;Sighart;rsighartjq@wix.com;HWq5Yc3kvB0
Josias;Seamer;jseamerjr@mozilla.com;2o57HX8
Euphemia;Marsay;emarsayjs@jugem.jp;J0Ob2LgRz
Romy;Bisson;rbissonjt@last.fm;EDs4bZczQF
Lutero;Holde;lholdeju@cbslocal.com;5UMLx7lG
Brandea;Jayume;bjayumejv@ask.com;lqfcbw
Henryetta;Harkins;hharkinsjw@nbcnews.com;LLkNoUxw
Cristy;Melville;cmelvillejx@taobao.com;T9xBv2I
Merry;Van Waadenburg;mvanwaadenburgjy@ebay.com;m7GhndsvlA9z
Molly;Tamburo;mtamburojz@rediff.com;xGnxB6
Ansley;McCready;amccreadyk0@sogou.com;uKBoDDGC2
Kiersten;Connow;kconnowk1@latimes.com;aIZ7chX
Carma;Nasey;cnaseyk2@google.cn;LT8AhVy
Erich;Floch;eflochk3@skyrock.com;3MUuXV33
Alonso;Devericks;adevericksk4@engadget.com;g5AxExw0
Boonie;Treacher;btreacherk5@yellowbook.com;GPe3Pah
Alexis;Dekeyser;adekeyserk6@psu.edu;C6S1oR5B
Bunni;Chastan;bchastank7@shinystat.com;QFEs1zX0HR3
Randie;Lamzed;rlamzedk8@intel.com;ZXHowI
Debi;Fuge;dfugek9@deliciousdays.com;6hD0qAYenzS
Rozamond;Ferroli;rferrolika@de.vu;CRaGnjcE54O
Rodrigo;Losebie;rlosebiekb@tiny.cc;BR9WQR
Jere;Asser;jasserkc@marketwatch.com;Wqx6VQjm
Mignon;Gerkens;mgerkenskd@diigo.com;THmnVu4zH
Neille;Foord;nfoordke@noaa.gov;X8Bt044Rypu
Gunar;Sijmons;gsijmonskf@psu.edu;HgLwAFqLq3I
Sigfried;Grigori;sgrigorikg@newsvine.com;yzugZquH1pid
Carolus;Ply;cplykh@wsj.com;qaKdsvWXiP9v
Modesta;Skidmore;mskidmoreki@pinterest.com;YpHVze
Katerine;Hayselden;khayseldenkj@boston.com;VzZwFe24
Kayle;De Cruze;kdecruzekk@slashdot.org;fXeleL
Bondon;Bemlott;bbemlottkl@zdnet.com;fWJJ1GV1QM6
Sam;Button;sbuttonkm@dagondesign.com;iAeirqmJ
Chandra;Larvin;clarvinkn@wufoo.com;FVMRYwL
Oliver;Pavis;opavisko@mozilla.org;4OnpVIs
Dee dee;Guinn;dguinnkp@issuu.com;BulcTLRXuOOr
Anny;Latch;alatchkq@economist.com;T5s1v6S4Z2
Jacky;Helbeck;jhelbeckkr@networksolutions.com;ib8D5Rc
Daloris;Cosbey;dcosbeyks@squarespace.com;R5rjHyN6lA
Karalee;Crispin;kcrispinkt@a8.net;vcgE8J7O
Natassia;Pudge;npudgeku@dropbox.com;sh3Hvz
Ferne;Sargint;fsargintkv@google.com.br;orGwMuNA7hT
Wynn;Canning;wcanningkw@google.it;iHNU0gEo
Quentin;Sheldrake;qsheldrakekx@ibm.com;liQqN4hpcOLx
Elspeth;Gillingham;egillinghamky@miibeian.gov.cn;D0Sck0
Hugues;Shale;hshalekz@unblog.fr;Zln6ppH948
Portia;Greest;pgreestl0@over-blog.com;QZNObs9WCK
Allx;Franklen;afranklenl1@utexas.edu;Ps9RcWmWsEM
Rich;Cereceres;rcereceresl2@4shared.com;cJNtQPk
Christan;Gullick;cgullickl3@cdc.gov;vos6BhC
Chevalier;Dressell;cdresselll4@nydailynews.com;iKxbCBKv
Boot;Harbar;bharbarl5@marriott.com;C5Wa0dT
Mikel;Andersson;manderssonl6@reuters.com;ZxHobctlBs
Bernardine;Hovert;bhovertl7@webmd.com;QyEFsuJ
Nyssa;Searson;nsearsonl8@a8.net;Acytw2PagJ
Pepita;Morten;pmortenl9@ucoz.com;FZySt4OKGBF
Demetra;Kintzel;dkintzella@163.com;mwvOPSdW
Emogene;Dalglish;edalglishlb@washington.edu;J1uEEyBWpd
Raynard;Portingale;rportingalelc@nationalgeographic.com;h5MmEODpycn
Jacquelyn;Stennet;jstennetld@epa.gov;LLaEC590Y
Dollie;Whines;dwhinesle@skyrock.com;eZgVtelyT6Z
Antons;Baterip;abateriplf@slideshare.net;e1Lg4tinM7f9
Humfrid;Hackney;hhackneylg@merriam-webster.com;IGRnYtPP
Marlo;Padson;mpadsonlh@sourceforge.net;3w7SAJhG
Ardith;Bonsey;abonseyli@linkedin.com;IS45pK
Far;Lillywhite;flillywhitelj@cdc.gov;WsMnLCsn1
Giralda;Batcock;gbatcocklk@washingtonpost.com;rQpubLm
Adan;Gammet;agammetll@usatoday.com;qTUVN73
Helsa;Beckerleg;hbeckerleglm@buzzfeed.com;nrB5PA
Evelina;Matfin;ematfinln@timesonline.co.uk;JYnnni
Amalea;Shenfish;ashenfishlo@blogspot.com;5NPjShnkb
Renaldo;Dollard;rdollardlp@e-recht24.de;1tctQhJNzl
Booth;Poli;bpolilq@wordpress.org;h2PXI4XjI0w
Sybille;Emmer;semmerlr@barnesandnoble.com;F9tINBPdCB
Auria;Tuiller;atuillerls@taobao.com;Vo4AEdp4l
Dehlia;McFadin;dmcfadinlt@army.mil;LvmOA9
Caty;Agronski;cagronskilu@hc360.com;nauxdjX
Terrance;Dunderdale;tdunderdalelv@tamu.edu;zv6XRMz
Annmaria;Vedekhin;avedekhinlw@hao123.com;m44KET
Ancell;Mumbray;amumbraylx@techcrunch.com;pPsdPK5T5oB
Ivan;Budgen;ibudgenly@paginegialle.it;6mrUZ7a
Gena;Kineton;gkinetonlz@lulu.com;fbZuDo
Demetra;Hayzer;dhayzerm0@bbb.org;N3hiYT
Josselyn;Lacy;jlacym1@rediff.com;cYOCr8hv
Nedi;Hampshaw;nhampshawm2@so-net.ne.jp;RLNt1MyxRRQ
Derron;Leversha;dleversham3@hao123.com;LTowwro
Linell;O'Beirne;lobeirnem4@va.gov;YNSx6chGz
Elsie;Gilchriest;egilchriestm5@istockphoto.com;5e5xXoNR
Cathe;Riddles;criddlesm6@blogtalkradio.com;h414ctc9
Mersey;Lighterness;mlighternessm7@weebly.com;kcJcF6hLO
Ofelia;Mellmoth;omellmothm8@ustream.tv;C8gHFTBJvB0c
Davin;Barbisch;dbarbischm9@odnoklassniki.ru;KtsLqE947
Agnese;Scampion;ascampionma@yolasite.com;R16gfJqv
Lainey;Plumley;lplumleymb@tamu.edu;4GFQrGX6
Theresita;Pedican;tpedicanmc@alexa.com;C6aS235
Tiffanie;Jans;tjansmd@cbslocal.com;IQzhYO
Bathsheba;Blondin;bblondinme@time.com;4eU2DxgLB
Fletcher;Sorrell;fsorrellmf@slideshare.net;7qobK0Yx
Winn;Wither;wwithermg@tinyurl.com;C5Z4LrE
Lesly;Dalliwatr;ldalliwatrmh@odnoklassniki.ru;dm8ky1nlolfS
Tessi;Colwell;tcolwellmi@miitbeian.gov.cn;zE30PcQeYPb
Myrtie;Witherbed;mwitherbedmj@a8.net;2feYdr
Euell;Bartolomeazzi;ebartolomeazzimk@time.com;VLPqOaCVNH
Ray;Pescott;rpescottml@tumblr.com;TCC80yfr3o
Sayre;Wash;swashmm@cnet.com;Gcw8AdWV
Nevins;Ventam;nventammn@jigsy.com;ux7AAY
Dehlia;Worstall;dworstallmo@wisc.edu;sLNsRep
Loutitia;Andree;landreemp@sciencedirect.com;Mwkvvy
Bond;McIlvaney;bmcilvaneymq@wisc.edu;6G8dyzLPNSz
Nanon;Kuhnert;nkuhnertmr@toplist.cz;yD8tyjLhfU0
Haydon;Huggens;hhuggensms@creativecommons.org;bLxqWq5sdk
Kerrill;Ossulton;kossultonmt@wunderground.com;s8yDMK
Joan;Szymaniak;jszymaniakmu@hubpages.com;wRYW0j
Erek;Steely;esteelymv@mozilla.com;tMTVBIOz
Sally;Roan;sroanmw@globo.com;vNUmPp
Leontyne;Castilljo;lcastilljomx@fda.gov;7omDXAmN
Dorice;Tennock;dtennockmy@howstuffworks.com;Jzp5bzo7
Vernice;Doding;vdodingmz@usatoday.com;G9KtqVwCWyhu
Nessa;Lune;nlunen0@mozilla.org;zcGEbg81cB6
Van;Marsden;vmarsdenn1@oracle.com;GVMH0BA
Jo;Leyban;jleybann2@washingtonpost.com;xJMbfi4aoex
Case;Gurge;cgurgen3@tuttocitta.it;1rFhUmeFTbU
Everard;Leband;elebandn4@stanford.edu;Smj5JSjfQ28
Mozelle;Valentetti;mvalentettin5@163.com;nPp1IX
Randolph;Eirwin;reirwinn6@huffingtonpost.com;806yNg
Arther;Whillock;awhillockn7@ihg.com;QJzCJKHE
Robbie;Warboy;rwarboyn8@unicef.org;FEctjW
Brooks;Giannoni;bgiannonin9@freewebs.com;0dRzvXGVlBXK
Oralia;Tuppeny;otuppenyna@epa.gov;8CH1VA
Henrieta;Pressman;hpressmannb@seesaa.net;upBsSt6uVpU
Neely;Gwillyam;ngwillyamnc@seattletimes.com;8KfQZMoEqd
Honoria;Lambol;hlambolnd@ameblo.jp;IqnWXWD
Mendel;Frere;mfrerene@blogs.com;Zr6Ev4B
Kirsteni;Livingstone;klivingstonenf@theatlantic.com;WkKffiUs8fqQ
Eadith;Priter;epriterng@google.pl;oZjaJo2q
Sascha;Saw;ssawnh@wordpress.com;70gmWI91ge
Josh;Sheara;jshearani@washington.edu;fYbVX9jwn
Kermy;Hayman;khaymannj@ezinearticles.com;4oUK9gRP
Padraic;Gellett;pgellettnk@constantcontact.com;eNvWemNVfK
Gregorius;Mitrovic;gmitrovicnl@rakuten.co.jp;HqcSRU5wYCU
Karylin;Aldwick;kaldwicknm@4shared.com;HtpwZOX
Storm;Vost;svostnn@prnewswire.com;GzBnPHEcwC
Elyn;Cluckie;ecluckieno@time.com;ic4d3MrJJEHB
Mil;Rouff;mrouffnp@woothemes.com;zmpwY6fZy
Anthe;Doe;adoenq@opensource.org;H7tStOYTmPz
Milo;Ilott;milottnr@w3.org;n152baTC8
Dari;Axcell;daxcellns@imgur.com;FRfbr7mKU2J
Blakelee;Legat;blegatnt@ca.gov;4tSChze0
Carey;Pero;cperonu@wp.com;fouWviSYC
Kaye;Hudghton;khudghtonnv@un.org;gGwTZ9C5
Zahara;Gegay;zgegaynw@comsenz.com;2220rjPjU
Audry;Yard;ayardnx@reddit.com;8IJfNhotFv
Peyton;Slight;pslightny@nba.com;5f7qqLRBTP
Jacinthe;Ciobotaro;jciobotaronz@themeforest.net;aBWjjOdQwyD1
Ripley;Claworth;rclawortho0@soup.io;BuMS6RYcif
Emlyn;Keates;ekeateso1@redcross.org;HsgdLIUysCcg
Jacklyn;Wickersley;jwickersleyo2@qq.com;a7QUgRhG
Gonzales;Iacovolo;giacovoloo3@google.com;oCqV3S
Obed;Estick;oesticko4@pbs.org;vbmjL7
Bren;Moorrud;bmoorrudo5@abc.net.au;pVljU6Xt
Edgardo;Tidball;etidballo6@xrea.com;rbrBqo6evI0H
Emmett;Jarrette;ejarretteo7@macromedia.com;r3VQkyReJG
Mile;Ham;mhamo8@hud.gov;RNs1cJ58bA
Merrie;Fader;mfadero9@webs.com;WVR2PpMa
Ewell;Klaffs;eklaffsoa@elpais.com;6Qguv6pr
Elianora;McRobbie;emcrobbieob@icq.com;CoaXhXj8F
Whitney;Grayshan;wgrayshanoc@plala.or.jp;EcBokxTFl
Steffi;Pomfrett;spomfrettod@oracle.com;WBGwG0RkRYvc
Dyna;Fieldgate;dfieldgateoe@usatoday.com;lCB4otoQoQd
Caterina;Bostick;cbostickof@soundcloud.com;FQ2RniSodY
Silvio;Mead;smeadog@cargocollective.com;RjIxaKGAp
Virginia;Heijne;vheijneoh@drupal.org;gMMZPLDVol
Corene;Goodier;cgoodieroi@timesonline.co.uk;BdjdDS7jo
Joelie;Treweke;jtrewekeoj@weebly.com;nYRJFOuMB3D
Parke;Pinkney;ppinkneyok@oracle.com;VAY5bX
Valida;Pendrill;vpendrillol@engadget.com;mrCS3xWkQns
Pyotr;Sings;psingsom@geocities.com;nZlWXLaUD
Jaquelin;Sullivan;jsullivanon@upenn.edu;goEjE8XsVH
Aguste;Trevarthen;atrevarthenoo@shutterfly.com;zZ0QDUX
Olwen;Godar;ogodarop@accuweather.com;GdmuPA16b7t
Christyna;Dwyer;cdwyeroq@ftc.gov;cJ5Ie6cW
Marylinda;Braben;mbrabenor@gizmodo.com;n44vFGGQ
Claudetta;Chappelle;cchappelleos@ustream.tv;yeyHMkP
Elfreda;Gosden;egosdenot@dell.com;x17DmKxh0F
Erma;Batch;ebatchou@cnn.com;7WWhg3
Melli;Laver;mlaverov@fastcompany.com;vMavMS2MTR3d
Grady;Giacobazzi;ggiacobazziow@aboutads.info;J3qxxFY8ShS
Ennis;Piken;epikenox@bing.com;AJoMPHjnfVv
Honor;Enrico;henricooy@reference.com;SMY2Rpmu
Franny;Spatarul;fspataruloz@last.fm;snxhaO
Ciel;Hens;chensp0@t-online.de;X28r3Ak5SVc
Windy;Hadkins;whadkinsp1@uol.com.br;JmkuZT13
Leo;Bailie;lbailiep2@merriam-webster.com;6KIoRl
Auberta;Doige;adoigep3@cbsnews.com;9zOuMZkd
Ira;Celiz;icelizp4@blogtalkradio.com;WzwuCrJvO1h
Giffer;Nurny;gnurnyp5@engadget.com;lAYXKIGlNfEi
Farlee;Bollom;fbollomp6@studiopress.com;dINF3gybCmST
Sigismond;Babbidge;sbabbidgep7@bloomberg.com;4gp3vK5qlk
Avigdor;Ellingham;aellinghamp8@artisteer.com;LYRvPp
Waverly;Curry;wcurryp9@friendfeed.com;36u6ueXwz4k0
Noll;Bilham;nbilhampa@fastcompany.com;3wTrJmJUMt
Maurizio;Parvin;mparvinpb@flickr.com;8IU8I8bh9
Hazel;Curtayne;hcurtaynepc@amazonaws.com;EKJd5w1lm8l
Jillayne;Wiffield;jwiffieldpd@mozilla.com;BzKjhukNXS
Tristan;Capron;tcapronpe@indiegogo.com;YUpsC7p
Collie;Scanlon;cscanlonpf@comcast.net;yClKy7
Gonzales;Garaghan;ggaraghanpg@plala.or.jp;NOJ7s7CQ
Toni;Cohen;tcohenph@elpais.com;PbPW9o
Mil;Leyland;mleylandpi@printfriendly.com;i5AVb7Zjp2Vl
Ethelbert;Labram;elabrampj@liveinternet.ru;OHZlpdJ
Klemens;Looks;klookspk@flavors.me;RqoCTk05ocEH
Wilhelm;Cutill;wcutillpl@blogspot.com;bmmplhhhZS
Carree;Maplesden;cmaplesdenpm@utexas.edu;17SxMny
Garner;Basterfield;gbasterfieldpn@wufoo.com;m9HvII
Melisse;Booth;mboothpo@spiegel.de;AJ29OXCcmAo
Zebedee;M'Quhan;zmquhanpp@angelfire.com;0VfHszPD2
Randall;Hilhouse;rhilhousepq@cafepress.com;yUIFT4Zo
Hall;Rogister;hrogisterpr@ocn.ne.jp;Qb4LcgU47
Davy;Oxtiby;doxtibyps@addthis.com;g8iZ2H0jX
Anne-marie;Labet;alabetpt@hostgator.com;zw9dlM3
Calvin;Sainsbury-Brown;csainsburybrownpu@abc.net.au;g4npg7X0FZ
Almeda;Swigger;aswiggerpv@utexas.edu;S7mpLaz
Elora;Smaleman;esmalemanpw@cornell.edu;CfxoKp
Libbi;Drever;ldreverpx@google.com;kVCkoXdmqLg
Yorgos;Bigg;ybiggpy@4shared.com;PzHt9jgg
Reinaldos;Offa;roffapz@youtube.com;CJ3X81rcC1a5
Cristie;Fibbings;cfibbingsq0@diigo.com;Ic0Qtk
Karrie;Klemke;kklemkeq1@vk.com;VneJJI1tb
Gideon;Coope;gcoopeq2@auda.org.au;Veo1S5
Donni;Marcum;dmarcumq3@zdnet.com;ru4KAOAJnD
Emeline;Ough;eoughq4@nps.gov;CH3c6A8a
Lowe;Jellicorse;ljellicorseq5@yandex.ru;sIxBtP
Sisile;Cockshoot;scockshootq6@soundcloud.com;39kUiefR6
Major;Byrch;mbyrchq7@tuttocitta.it;GQluRTD2Z9
Sybila;Warbrick;swarbrickq8@samsung.com;1HdOgle8R
Lorne;Guare;lguareq9@photobucket.com;k5sLMvT59
Kris;Clendening;kclendeningqa@plala.or.jp;iaR3ZX
Bertrando;Jelf;bjelfqb@bravesites.com;jB0SR34x0Y8
Tyler;Linggard;tlinggardqc@mapquest.com;dvKbT6EVHQj
Nixie;Ableson;nablesonqd@sakura.ne.jp;3ju2fIo
Aurilia;Koppes;akoppesqe@mediafire.com;d4aGR0QKKjx
Beryle;Casali;bcasaliqf@weather.com;6cV3KhdGEYum
Boycey;Bluett;bbluettqg@blogtalkradio.com;veTerIE4
Johann;Carlan;jcarlanqh@nyu.edu;YrUhZx0D23R
Mella;Basey;mbaseyqi@networkadvertising.org;W6BxmiVB
Inez;East;ieastqj@intel.com;WKMhy38N
Keelby;Torbet;ktorbetqk@gmpg.org;CHwjYxufy
Shela;Allibone;salliboneql@imageshack.us;M8sfFugO0fN
Armando;Garvey;agarveyqm@illinois.edu;KJeGmdNQ0
Paten;Brandolini;pbrandoliniqn@nyu.edu;Mq1mQTvN
Teriann;Wattingham;twattinghamqo@hc360.com;b6U5bg
Timmie;Chazelas;tchazelasqp@discuz.net;qNrnNU
Marilin;Heyworth;mheyworthqq@bigcartel.com;QAcP4Mz
Oswald;Kaiser;okaiserqr@ox.ac.uk;CWaqoIM
Danya;Terrett;dterrettqs@storify.com;2FJqbVo
Car;Ivanenkov;civanenkovqt@hubpages.com;g0ulpc
Leonard;Dioniso;ldionisoqu@craigslist.org;v9RlpFucJ
Olimpia;Charnock;ocharnockqv@wisc.edu;0CVLVHQ2NK
Lenci;Sclater;lsclaterqw@tumblr.com;2IljPtLx
Conant;Tyer;ctyerqx@xinhuanet.com;AXSSC1ndB
Aube;Petherick;apetherickqy@stanford.edu;pqV5xln
Hanni;Bentz;hbentzqz@comcast.net;26elpDK
Lonee;Giacoppo;lgiacoppor0@domainmarket.com;Jwot1htMkXY
Joyan;Soltan;jsoltanr1@vkontakte.ru;XbsCHXk
Sibyl;Crafts;scraftsr2@vistaprint.com;BkZBntN1H
Vasilis;Matevosian;vmatevosianr3@mapy.cz;dE2NXlrr36ew
Helga;Creyke;hcreyker4@newsvine.com;eUnkYJbH
Vinni;Herety;vheretyr5@shop-pro.jp;9gtMS7UjYiR6
Arlie;Fend;afendr6@census.gov;IlR35o
Alicia;Sarge;asarger7@businesswire.com;rEZ93DnYrj
Sonnie;Dillow;sdillowr8@marketwatch.com;HV8uB3KyKo
Reynold;Sanja;rsanjar9@eventbrite.com;Z4Wh28nY
Marcelia;Lightman;mlightmanra@blog.com;RqWBIwnFP
Bale;Aslin;baslinrb@sitemeter.com;k6pjjGj9
Job;Abethell;jabethellrc@cnn.com;5MIxrjuD
Maxy;Minghetti;mminghettird@bandcamp.com;czDtUV
Matty;von Hagt;mvonhagtre@photobucket.com;Z3bN7DPM
Casie;Gehrts;cgehrtsrf@icio.us;lTwzMhjhJi
Kariotta;Oulet;kouletrg@mlb.com;RWg73tUsvE
Virgie;McPheat;vmcpheatrh@si.edu;cb22zH1
Jase;Aronoff;jaronoffri@usnews.com;NIgoVCfLx
Coraline;Pulster;cpulsterrj@hibu.com;Q38oLa5Mk1
Kalie;Canedo;kcanedork@google.ru;0sYc1TAoX45I
Damon;Lebarree;dlebarreerl@usa.gov;EGWqDuLQVy
Pollyanna;Brownett;pbrownettrm@wordpress.com;7LG58sA
Rhoda;Bilbey;rbilbeyrn@tiny.cc;3fp4D7Hj3U
Bernie;Bruntjen;bbruntjenro@imgur.com;kOheOxa
Sollie;Scalera;sscalerarp@utexas.edu;9Nui2IIv
Nevsa;Waddy;nwaddyrq@discuz.net;idA52EfgliC
Lockwood;Scuffham;lscuffhamrr@chronoengine.com;7gYNtB0jarg
